{
  "matrix": [
    [
      9.323819508958215,
      -0.7562412489038367
    ],
    [
      -12.024247957887914,
      10.078694984819183
    ]
  ],
  "offset": [
    -0.5555919250201143,
    4.34629945962541
  ]
}