{
  "matrix": [
    [
      12.866685252441018,
      2.3686676634812263
    ],
    [
      -2.1328104020158083,
      -0.7382872317072943
    ]
  ],
  "offset": [
    0.5877827735348436,
    -0.19196307616842126
  ]
}